{"cameraMode":{"drawMode":0,"name":"Shaded","section":"Shading Mode"},"sceneLighting":true,"audioPlay":false,"sceneViewState":{"m_AlwaysRefresh":false,"showFog":true,"showSkybox":true,"showFlares":true,"showImageEffects":true,"showParticleSystems":true,"showVisualEffectGraphs":true,"m_FxEnabled":true},"in2DMode":false,"pivot":{"x":-1.8910777568817139,"y":4.865410804748535,"z":110.54000091552735},"rotation":{"x":0.2449055165052414,"y":0.024723069742321969,"z":-0.006233776919543743,"w":0.9692257046699524},"size":2.920588493347168,"orthographic":false}