{"cameraMode":{"drawMode":0,"name":"Shaded","section":"Shading Mode"},"sceneLighting":true,"audioPlay":false,"sceneViewState":{"m_AlwaysRefresh":false,"showFog":true,"showSkybox":true,"showFlares":true,"showImageEffects":true,"showParticleSystems":true,"showVisualEffectGraphs":true,"m_FxEnabled":true},"in2DMode":false,"pivot":{"x":236.7723388671875,"y":997.7681884765625,"z":9.990425109863282},"rotation":{"x":-0.010493578389286995,"y":-0.02317258156836033,"z":0.0004075774922966957,"w":-0.999747633934021},"size":918.9171142578125,"orthographic":false}