{"cameraMode":{"drawMode":0,"name":"Shaded","section":"Shading Mode"},"sceneLighting":true,"audioPlay":false,"sceneViewState":{"m_AlwaysRefresh":false,"showFog":true,"showSkybox":true,"showFlares":true,"showImageEffects":true,"showParticleSystems":true,"showVisualEffectGraphs":true,"m_FxEnabled":true},"in2DMode":false,"pivot":{"x":4.418641567230225,"y":-1.2490930557250977,"z":0.5984944701194763},"rotation":{"x":0.05704941228032112,"y":-0.9057608842849731,"z":0.12844343483448029,"w":0.3999731242656708},"size":14.744348526000977,"orthographic":false}