{"cameraMode":{"drawMode":0,"name":"Shaded","section":"Shading Mode"},"sceneLighting":true,"audioPlay":false,"sceneViewState":{"m_AlwaysRefresh":false,"showFog":true,"showSkybox":true,"showFlares":true,"showImageEffects":true,"showParticleSystems":true,"showVisualEffectGraphs":true,"m_FxEnabled":true},"in2DMode":false,"pivot":{"x":-1.8910777568817139,"y":4.865410804748535,"z":110.54000091552735},"rotation":{"x":0.17284230887889863,"y":0.13985060155391694,"z":-0.02475404180586338,"w":0.9746904969215393},"size":0.625748872756958,"orthographic":false}