{"cameraMode":{"drawMode":0,"name":"Shaded","section":"Shading Mode"},"sceneLighting":true,"audioPlay":false,"sceneViewState":{"m_AlwaysRefresh":false,"showFog":true,"showSkybox":true,"showFlares":true,"showImageEffects":true,"showParticleSystems":true,"showVisualEffectGraphs":true,"m_FxEnabled":true},"in2DMode":false,"pivot":{"x":-2.5949268341064455,"y":3.808629035949707,"z":12.083322525024414},"rotation":{"x":0.0003740146930795163,"y":-0.9995328783988953,"z":-0.0329962782561779,"w":-0.0026108508463948967},"size":21.816177368164064,"orthographic":false}