{"cameraMode":{"drawMode":0,"name":"Shaded","section":"Shading Mode"},"sceneLighting":true,"audioPlay":false,"sceneViewState":{"m_AlwaysRefresh":false,"showFog":true,"showSkybox":true,"showFlares":true,"showImageEffects":true,"showParticleSystems":true,"showVisualEffectGraphs":true,"m_FxEnabled":true},"in2DMode":false,"pivot":{"x":-1.1451568603515626,"y":3.2606029510498049,"z":-12.580717086791993},"rotation":{"x":0.27566200494766238,"y":-0.35507988929748537,"z":0.11042124778032303,"w":0.886427640914917},"size":44.77570343017578,"orthographic":false}