{"cameraMode":{"drawMode":0,"name":"Shaded","section":"Shading Mode"},"sceneLighting":true,"audioPlay":false,"sceneViewState":{"m_AlwaysRefresh":false,"showFog":true,"showSkybox":true,"showFlares":true,"showImageEffects":true,"showParticleSystems":true,"showVisualEffectGraphs":true,"m_FxEnabled":true},"in2DMode":false,"pivot":{"x":-0.2866135835647583,"y":0.9120238423347473,"z":-0.35180503129959109},"rotation":{"x":-0.03830381855368614,"y":0.22351622581481934,"z":-0.008790616877377034,"w":-0.973908543586731},"size":1.3997457027435303,"orthographic":false}